svrh:поверх, свыше, помимо
sedmica:
sednica:
selekcija:сборная
sećati:
sigurno:
skrnavljenje:
slaviti:
smanjenje:
smanjenje:
smanjiti:
spolnji:
stablo:
stav:
stalno:
stalno:
stotina:
stranka:
stručnjak:
stručnjak:
suzbijanje:
sukob:
sukob:
sunovrat:
talas:
talas:
tanje:
tvorac:
tež:
toplije:
traje:
trenutan:
tuđe:
ubrzati:
uverenje:
uvećane:
udaranje:
uzbuna:
uznemirujući:
ulog:
uloga:
umesto:
umetnost:
uništitelj:
upis:
uputstva:
upuštati:
urediti:
uređaj:
uspon:
usporavati:
ustan:
učvršćujati:
učešće:
cilj:
čvrsto:
češći:
činjeninca:
čupati:
šaljeti:
šverc:
šteta:
šteta:
šumski: